Time Date,voyage,company,Value
1012018,2667437,AutoPark,2926
2012018,2667437,AutoPark,2687.531
3012018,2667437,AutoPark,2793
4012018,2667437,AutoPark,2394
5012018,2667437,AutoPark,2660
6012018,2667437,AutoPark,2527
7012018,2667437,AutoPark,2527
8012018,2667437,AutoPark,2793
9012018,2667437,AutoPark,2793
10012018,2667437,AutoPark,2793
11012018,2667437,AutoPark,2926
12012018,2667437,AutoPark,2793
13012018,2667437,AutoPark,2869.8208
14012018,2667437,AutoPark,3325
15012018,2667437,AutoPark,2261
16012018,2667437,AutoPark,2261
17012018,2667437,AutoPark,2253.685
18012018,2667437,AutoPark,2394
19012018,2667437,AutoPark,2394
20012018,2667437,AutoPark,2394
21012018,2667437,AutoPark,2527
22012018,2667437,AutoPark,2793
23012018,2667437,AutoPark,2660
24012018,2667437,AutoPark,2547.1362
25012018,2667437,AutoPark,2926
26012018,2667437,AutoPark,2926
27012018,2667437,AutoPark,3059
28012018,2667437,AutoPark,2853.1027
29012018,2667437,AutoPark,2793
30012018,2667437,AutoPark,2793
31012018,2667437,AutoPark,2816.4745
1022018,2667437,AutoPark,2231.1548
2022018,2667437,AutoPark,5212.004
3022018,2667437,AutoPark,5032.853
4022018,2667437,AutoPark,2253.685
5022018,2667437,AutoPark,2261
6022018,2667437,AutoPark,2261
7022018,2667437,AutoPark,2253.685
8022018,2667437,AutoPark,2253.685
9022018,2667437,AutoPark,2394
10022018,2667437,AutoPark,2527
11022018,2667437,AutoPark,2380.1148
12022018,2667437,AutoPark,2660
13022018,2667437,AutoPark,2380.1148
14022018,2667437,AutoPark,2793
15022018,2667437,AutoPark,3059
16022018,2667437,AutoPark,3040.0076
17022018,2667437,AutoPark,2926
18022018,2667437,AutoPark,2926
19022018,2667437,AutoPark,2660
20022018,2667437,AutoPark,2793
21022018,2667437,AutoPark,2510.7208
22022018,2667437,AutoPark,5105.0587
23022018,2667437,AutoPark,3667.6346
24022018,2667437,AutoPark,2300.0488
25022018,2667437,AutoPark,2775.3642
26022018,2667437,AutoPark,2582.062
27022018,2667437,AutoPark,2527
28022018,2667437,AutoPark,2394
1032018,2667437,AutoPark,2793
2032018,2667437,AutoPark,2793
3032018,2667437,AutoPark,2793
4032018,2667437,AutoPark,3021.0152
5032018,2667437,AutoPark,4752.09
6032018,2667437,AutoPark,2082.514
7032018,2667437,AutoPark,2042.8135
8032018,2667437,AutoPark,2201.6022
9032018,2667437,AutoPark,2246.0774
10032018,2667437,AutoPark,2171.757
11032018,2667437,AutoPark,2042.8135
12032018,2667437,AutoPark,2261
13032018,2667437,AutoPark,2231.1548
14032018,2667437,AutoPark,2386.3525
15032018,2667437,AutoPark,2394
16032018,2667437,AutoPark,2394
17032018,2667437,AutoPark,2527
18032018,2667437,AutoPark,2527
19032018,2667437,AutoPark,2660
20032018,2667437,AutoPark,2660
21032018,2667437,AutoPark,5042.961
22032018,2667437,AutoPark,2176.5051
23032018,2667437,AutoPark,2331.9023
24032018,2667437,AutoPark,2527
25032018,2667437,AutoPark,2261
26032018,2667437,AutoPark,2519.02
27032018,2667437,AutoPark,4927.5968
28032018,2667437,AutoPark,2784.355
29032018,2667437,AutoPark,2394
30032018,2667437,AutoPark,2527
31032018,2667437,AutoPark,2527
1042018,2667437,AutoPark,2331.9023
2042018,2667437,AutoPark,2527
3042018,2667437,AutoPark,2378.3991
4042018,2667437,AutoPark,2142.2044
5042018,2667437,AutoPark,2201.6022
6042018,2667437,AutoPark,2231.1548
7042018,2667437,AutoPark,2253.685
8042018,2667437,AutoPark,2261
9042018,2667437,AutoPark,2261
10042018,2667437,AutoPark,2238.7624
11042018,2667437,AutoPark,2261
12042018,2667437,AutoPark,2394
13042018,2667437,AutoPark,2261
14042018,2667437,AutoPark,2253.685
15042018,2667437,AutoPark,2394
16042018,2667437,AutoPark,2261
17042018,2667437,AutoPark,2261
18042018,2667437,AutoPark,5204.7023
19042018,2667437,AutoPark,2128
20042018,2667437,AutoPark,2171.757
21042018,2667437,AutoPark,2128
22042018,2667437,AutoPark,2128
23042018,2667437,AutoPark,2128
24042018,2667437,AutoPark,2128
25042018,2667437,AutoPark,2128
26042018,2667437,AutoPark,2261
27042018,2667437,AutoPark,2261
28042018,2667437,AutoPark,5187
29042018,2667437,AutoPark,5187
30042018,2667437,AutoPark,5187
1052018,2667437,AutoPark,5306.434
2052018,2667437,AutoPark,2121.0175
3052018,2667437,AutoPark,5320
4052018,2667437,AutoPark,2128
5052018,2667437,AutoPark,2128
6052018,2667437,AutoPark,5320
7052018,2667437,AutoPark,5110.658
8052018,2667437,AutoPark,5238.87
9052018,2667437,AutoPark,2261
10052018,2667437,AutoPark,5187
11052018,2667437,AutoPark,5054
12052018,2667437,AutoPark,4921
13052018,2667437,AutoPark,4788
14052018,2667437,AutoPark,4921
15052018,2667437,AutoPark,4921
16052018,2667437,AutoPark,4921
17052018,2667437,AutoPark,4921
18052018,2667437,AutoPark,5054
19052018,2667437,AutoPark,4921
20052018,2667437,AutoPark,5054
21052018,2667437,AutoPark,4788
22052018,2667437,AutoPark,4788
23052018,2667437,AutoPark,4921
24052018,2667437,AutoPark,5054
25052018,2667437,AutoPark,5054
26052018,2667437,AutoPark,5054
27052018,2667437,AutoPark,5005.4018
28052018,2667437,AutoPark,4783.079
29052018,2667437,AutoPark,5054
30052018,2667437,AutoPark,5048.015
31052018,2667437,AutoPark,4522
1062018,2667437,AutoPark,4522
2062018,2667437,AutoPark,4522
3062018,2667437,AutoPark,4921
4062018,2667437,AutoPark,4788
5062018,2667437,AutoPark,4788
6062018,2667437,AutoPark,4788
7062018,2667437,AutoPark,4743.0593
8062018,2667437,AutoPark,4897.9378
9062018,2667437,AutoPark,5054
10062018,2667437,AutoPark,4915.3475
11062018,2667437,AutoPark,4788
12062018,2667437,AutoPark,4522
13062018,2667437,AutoPark,4921
14062018,2667437,AutoPark,5054
15062018,2667437,AutoPark,4921
16062018,2667437,AutoPark,4522
17062018,2667437,AutoPark,4522
18062018,2667437,AutoPark,4389
19062018,2667437,AutoPark,4389
20062018,2667437,AutoPark,4380.1821
21062018,2667437,AutoPark,4517.345
22062018,2667437,AutoPark,4788
23062018,2667437,AutoPark,4522
24062018,2667437,AutoPark,4522
25062018,2667437,AutoPark,4788
26062018,2667437,AutoPark,4909.4689
27062018,2667437,AutoPark,4723.096
28062018,2667437,AutoPark,4921
29062018,2667437,AutoPark,4389
30062018,2667437,AutoPark,4788
1072018,2667437,AutoPark,5048.015
2072018,2667437,AutoPark,5048.015
3072018,2667437,AutoPark,4921
4072018,2667437,AutoPark,5054
5072018,2667437,AutoPark,4980.983
6072018,2667437,AutoPark,5266.002
7072018,2667437,AutoPark,5705.7
8072018,2667437,AutoPark,4974.2
9072018,2667437,AutoPark,4681.6
10072018,2667437,AutoPark,4974.2
11072018,2667437,AutoPark,4512.5038
12072018,2667437,AutoPark,4915.3475
13072018,2667437,AutoPark,4522
14072018,2667437,AutoPark,4256
15072018,2667437,AutoPark,4256
16072018,2667437,AutoPark,4522
17072018,2667437,AutoPark,4389
18072018,2667437,AutoPark,4384.6775
19072018,2667437,AutoPark,4256
20072018,2667437,AutoPark,4788
21072018,2667437,AutoPark,4256
22072018,2667437,AutoPark,4389
23072018,2667437,AutoPark,4522
24072018,2667437,AutoPark,4522
25072018,2667437,AutoPark,4655
26072018,2667437,AutoPark,5187
27072018,2667437,AutoPark,4788
28072018,2667437,AutoPark,4921
29072018,2667437,AutoPark,4875.1017
30072018,2667437,AutoPark,5048.015
31072018,2667437,AutoPark,4522
1082018,2667437,AutoPark,5047.35
2082018,2667437,AutoPark,4522
3082018,2667437,AutoPark,4788
4082018,2667437,AutoPark,4921
5082018,2667437,AutoPark,4788
6082018,2667437,AutoPark,5054
7082018,2667437,AutoPark,4921
8082018,2667437,AutoPark,4389
9082018,2667437,AutoPark,4389
10082018,2667437,AutoPark,4522
11082018,2667437,AutoPark,4921
12082018,2667437,AutoPark,5054
13082018,2667437,AutoPark,4389
14082018,2667437,AutoPark,4389
15082018,2667437,AutoPark,4512.5038
16082018,2667437,AutoPark,4921
17082018,2667437,AutoPark,4921
18082018,2667437,AutoPark,4788
19082018,2667437,AutoPark,4788
20082018,2667437,AutoPark,4655
21082018,2667437,AutoPark,4389
22082018,2667437,AutoPark,4788
23082018,2667437,AutoPark,4522
24082018,2667437,AutoPark,4788
25082018,2667437,AutoPark,4921
26082018,2667437,AutoPark,4620.5264
27082018,2667437,AutoPark,4921
28082018,2667437,AutoPark,4788
29082018,2667437,AutoPark,4788
30082018,2667437,AutoPark,4522
31082018,2667437,AutoPark,4788
1092018,2667437,AutoPark,5320
2092018,2667437,AutoPark,4921
3092018,2667437,AutoPark,4788
4092018,2667437,AutoPark,4620.5264
5092018,2667437,AutoPark,4788
6092018,2667437,AutoPark,4788
7092018,2667437,AutoPark,5054
8092018,2667437,AutoPark,5212.004
9092018,2667437,AutoPark,5054
10092018,2667437,AutoPark,4921
11092018,2667437,AutoPark,4921
12092018,2667437,AutoPark,5054
13092018,2667437,AutoPark,5054
14092018,2667437,AutoPark,5187
15092018,2667437,AutoPark,5054
16092018,2667437,AutoPark,5187
17092018,2667437,AutoPark,4788
18092018,2667437,AutoPark,4921
19092018,2667437,AutoPark,4921
20092018,2667437,AutoPark,5320
21092018,2667437,AutoPark,4921
22092018,2667437,AutoPark,4921
23092018,2667437,AutoPark,5054
24092018,2667437,AutoPark,5054
25092018,2667437,AutoPark,4651.0366
26092018,2667437,AutoPark,5005.4018
27092018,2667437,AutoPark,4921
28092018,2667437,AutoPark,2128
29092018,2667437,AutoPark,5266.002
30092018,2667437,AutoPark,4792.5752
1102018,2667437,AutoPark,4921
2102018,2667437,AutoPark,5054
3102018,2667437,AutoPark,4921
4102018,2667437,AutoPark,5054
5102018,2667437,AutoPark,5238.87
6102018,2667437,AutoPark,5035.8056
7102018,2667437,AutoPark,5187
8102018,2667437,AutoPark,5238.87
9102018,2667437,AutoPark,5320
10102018,2667437,AutoPark,5299.784
11102018,2667437,AutoPark,5282.627
12102018,2667437,AutoPark,4907.966
13102018,2667437,AutoPark,4674.0988
14102018,2667437,AutoPark,4670.96
15102018,2667437,AutoPark,5032.853
16102018,2667437,AutoPark,2113.7557
17102018,2667437,AutoPark,2113.7557
18102018,2667437,AutoPark,2113.7557
19102018,2667437,AutoPark,2261
20102018,2667437,AutoPark,2128
21102018,2667437,AutoPark,5266.4808
22102018,2667437,AutoPark,5320
23102018,2667437,AutoPark,2261
24102018,2667437,AutoPark,2394
25102018,2667437,AutoPark,2231.1548
26102018,2667437,AutoPark,2394
27102018,2667437,AutoPark,2261
28102018,2667437,AutoPark,2378.3991
29102018,2667437,AutoPark,5035.8056
30102018,2667437,AutoPark,5187
31102018,2667437,AutoPark,5320
1112018,2667437,AutoPark,5320
2112018,2667437,AutoPark,2261
3112018,2667437,AutoPark,2128
4112018,2667437,AutoPark,2394
5112018,2667437,AutoPark,2394
6112018,2667437,AutoPark,2793
7112018,2667437,AutoPark,2660
8112018,2667437,AutoPark,2128
9112018,2667437,AutoPark,5187
10112018,2667437,AutoPark,5187
11112018,2667437,AutoPark,2128
12112018,2667437,AutoPark,2128
13112018,2667437,AutoPark,2128
14112018,2667437,AutoPark,2128
15112018,2667437,AutoPark,2394
16112018,2667437,AutoPark,2394
17112018,2667437,AutoPark,2207.401
18112018,2667437,AutoPark,2128
19112018,2667437,AutoPark,2128
20112018,2667437,AutoPark,2128
21112018,2667437,AutoPark,2502.7408
22112018,2667437,AutoPark,2617.3336
23112018,2667437,AutoPark,2527
24112018,2667437,AutoPark,2394
25112018,2667437,AutoPark,2527
26112018,2667437,AutoPark,2527
27112018,2667437,AutoPark,2231.1548
28112018,2667437,AutoPark,3074.3615
29112018,2667437,AutoPark,2793
30112018,2667437,AutoPark,2394
1122018,2667437,AutoPark,2527
2122018,2667437,AutoPark,2793
3122018,2667437,AutoPark,2793
4122018,2667437,AutoPark,2362.7982
5122018,2667437,AutoPark,2300.7005
6122018,2667437,AutoPark,2261
7122018,2667437,AutoPark,2128
8122018,2667437,AutoPark,2394
9122018,2667437,AutoPark,2527
10122018,2667437,AutoPark,2394
11122018,2667437,AutoPark,2394
12122018,2667437,AutoPark,2527
13122018,2667437,AutoPark,2527
14122018,2667437,AutoPark,2722.8026
15122018,2667437,AutoPark,2510.7208
16122018,2667437,AutoPark,2176.5051
17122018,2667437,AutoPark,2494.4416
18122018,2667437,AutoPark,2494.4416
19122018,2667437,AutoPark,2784.355
20122018,2667437,AutoPark,2926
21122018,2667437,AutoPark,2853.1027
22122018,2667437,AutoPark,3059
23122018,2667437,AutoPark,2394
24122018,2667437,AutoPark,2246.0774
25122018,2667437,AutoPark,2128
26122018,2667437,AutoPark,2128
27122018,2667437,AutoPark,2394
28122018,2667437,AutoPark,2527
29122018,2667437,AutoPark,2527
30122018,2667437,AutoPark,2926
31122018,2667437,AutoPark,2793
1012019,2667437,AutoPark,3394.16
2012019,2667437,AutoPark,2848.78286
3012019,2667437,AutoPark,2932.65
4012019,2667437,AutoPark,2561.58
5012019,2667437,AutoPark,2979.2
6012019,2667437,AutoPark,3032.4
7012019,2667437,AutoPark,2956.59
8012019,2667437,AutoPark,3128.16
9012019,2667437,AutoPark,3072.3
10012019,2667437,AutoPark,3044.37
11012019,2667437,AutoPark,3511.2
12012019,2667437,AutoPark,3211.95
13012019,2667437,AutoPark,3214.199296
14012019,2667437,AutoPark,3657.5
15012019,2667437,AutoPark,2419.27
16012019,2667437,AutoPark,2396.66
17012019,2667437,AutoPark,2388.9061
18012019,2667437,AutoPark,2681.28
19012019,2667437,AutoPark,2633.4
20012019,2667437,AutoPark,2609.46
21012019,2667437,AutoPark,2628.08
22012019,2667437,AutoPark,3295.74
23012019,2667437,AutoPark,2979.2
24012019,2667437,AutoPark,2776.378458
25012019,2667437,AutoPark,3013.78
26012019,2667437,AutoPark,3481.94
27012019,2667437,AutoPark,3426.08
28012019,2667437,AutoPark,3224.006051
29012019,2667437,AutoPark,3295.74
30012019,2667437,AutoPark,3072.3
31012019,2667437,AutoPark,3126.286695
1022019,2667437,AutoPark,2298.089444
2022019,2667437,AutoPark,5993.8046
3022019,2667437,AutoPark,5636.79536
4022019,2667437,AutoPark,2614.2746
5022019,2667437,AutoPark,2464.49
6022019,2667437,AutoPark,2532.32
7022019,2667437,AutoPark,2411.44295
8022019,2667437,AutoPark,2276.22185
9022019,2667437,AutoPark,2872.8
10022019,2667437,AutoPark,2653.35
11022019,2667437,AutoPark,2713.330872
12022019,2667437,AutoPark,2952.6
13022019,2667437,AutoPark,2832.336612
14022019,2667437,AutoPark,2876.79
15022019,2667437,AutoPark,3089.59
16022019,2667437,AutoPark,3283.208208
17022019,2667437,AutoPark,3335.64
18022019,2667437,AutoPark,3189.34
19022019,2667437,AutoPark,2766.4
20022019,2667437,AutoPark,3044.37
21022019,2667437,AutoPark,2736.685672
22022019,2667437,AutoPark,5105.0587
23022019,2667437,AutoPark,3887.692676
24022019,2667437,AutoPark,2415.05124
25022019,2667437,AutoPark,3136.161546
26022019,2667437,AutoPark,3098.4744
27022019,2667437,AutoPark,2880.78
28022019,2667437,AutoPark,2394
1032019,2667437,AutoPark,3072.3
2032019,2667437,AutoPark,3072.3
3032019,2667437,AutoPark,3267.81
4032019,2667437,AutoPark,3051.225352
5032019,2667437,AutoPark,5132.2572
6032019,2667437,AutoPark,2478.19166
7032019,2667437,AutoPark,2165.38231
8032019,2667437,AutoPark,2509.826508
9032019,2667437,AutoPark,2246.0774
10032019,2667437,AutoPark,2410.65027
11032019,2667437,AutoPark,2247.09485
12032019,2667437,AutoPark,2464.49
13032019,2667437,AutoPark,2431.958732
14032019,2667437,AutoPark,2529.53365
15032019,2667437,AutoPark,2513.7
16032019,2667437,AutoPark,2441.88
17032019,2667437,AutoPark,2577.54
18032019,2667437,AutoPark,2754.43
19032019,2667437,AutoPark,2979.2
20032019,2667437,AutoPark,3085.6
21032019,2667437,AutoPark,5547.2571
22032019,2667437,AutoPark,2611.80612
23032019,2667437,AutoPark,2705.006668
24032019,2667437,AutoPark,2956.59
25032019,2667437,AutoPark,2464.49
26032019,2667437,AutoPark,3022.824
27032019,2667437,AutoPark,5371.080512
28032019,2667437,AutoPark,3202.00825
29032019,2667437,AutoPark,2489.76
30032019,2667437,AutoPark,2602.81
31032019,2667437,AutoPark,2906.05
1042019,2667437,AutoPark,2448.497415
2042019,2667437,AutoPark,2577.54
3042019,2667437,AutoPark,2854.07892
4042019,2667437,AutoPark,2335.002796
5042019,2667437,AutoPark,2641.92264
6042019,2667437,AutoPark,2253.466348
7042019,2667437,AutoPark,2298.7587
8042019,2667437,AutoPark,2509.71
9042019,2667437,AutoPark,2306.22
10042019,2667437,AutoPark,2686.51488
11042019,2667437,AutoPark,2374.05
12042019,2667437,AutoPark,2513.7
13042019,2667437,AutoPark,2690.59
14042019,2667437,AutoPark,2501.59035
15042019,2667437,AutoPark,2729.16
16042019,2667437,AutoPark,2713.2
17042019,2667437,AutoPark,2487.1
18042019,2667437,AutoPark,6141.548714
19042019,2667437,AutoPark,2276.96
20042019,2667437,AutoPark,2519.23812
21042019,2667437,AutoPark,2234.4
22042019,2667437,AutoPark,2489.76
23042019,2667437,AutoPark,2404.64
24042019,2667437,AutoPark,2128
25042019,2667437,AutoPark,2170.56
26042019,2667437,AutoPark,2306.22
27042019,2667437,AutoPark,2261
28042019,2667437,AutoPark,6120.66
29042019,2667437,AutoPark,6016.92
30042019,2667437,AutoPark,5653.83
1052019,2667437,AutoPark,5996.27042
2052019,2667437,AutoPark,2311.909075
3052019,2667437,AutoPark,6064.8
4052019,2667437,AutoPark,2255.68
5052019,2667437,AutoPark,2128
6052019,2667437,AutoPark,5958.4
7052019,2667437,AutoPark,5468.40406
8052019,2667437,AutoPark,6286.644
9052019,2667437,AutoPark,2622.76
10052019,2667437,AutoPark,5757.57
11052019,2667437,AutoPark,5812.1
12052019,2667437,AutoPark,5462.31
13052019,2667437,AutoPark,4883.76
14052019,2667437,AutoPark,5363.89
15052019,2667437,AutoPark,5117.84
16052019,2667437,AutoPark,5757.57
17052019,2667437,AutoPark,5068.63
18052019,2667437,AutoPark,5862.64
19052019,2667437,AutoPark,5708.36
20052019,2667437,AutoPark,5862.64
21052019,2667437,AutoPark,5458.32
22052019,2667437,AutoPark,4931.64
23052019,2667437,AutoPark,4970.21
24052019,2667437,AutoPark,5660.48
25052019,2667437,AutoPark,5508.86
26052019,2667437,AutoPark,5508.86
27052019,2667437,AutoPark,5455.887962
28052019,2667437,AutoPark,4974.40216
29052019,2667437,AutoPark,5205.62
30052019,2667437,AutoPark,5199.45545
31052019,2667437,AutoPark,5335.96
1062019,2667437,AutoPark,4522
2062019,2667437,AutoPark,4928.98
3062019,2667437,AutoPark,5314.68
4062019,2667437,AutoPark,5075.28
5062019,2667437,AutoPark,5171.04
6062019,2667437,AutoPark,5458.32
7062019,2667437,AutoPark,5122.504044
8062019,2667437,AutoPark,5730.587226
9062019,2667437,AutoPark,5054
10062019,2667437,AutoPark,5701.8031
11062019,2667437,AutoPark,5362.56
12062019,2667437,AutoPark,4928.98
13062019,2667437,AutoPark,4921
14062019,2667437,AutoPark,5306.7
15062019,2667437,AutoPark,5560.73
16062019,2667437,AutoPark,4657.66
17062019,2667437,AutoPark,5426.4
18062019,2667437,AutoPark,5135.13
19062019,2667437,AutoPark,4959.57
20062019,2667437,AutoPark,4774.398489
21062019,2667437,AutoPark,5104.59985
22062019,2667437,AutoPark,4883.76
23062019,2667437,AutoPark,5200.3
24062019,2667437,AutoPark,4522
25062019,2667437,AutoPark,5601.96
26062019,2667437,AutoPark,5253.131723
27062019,2667437,AutoPark,5384.32944
28062019,2667437,AutoPark,5560.73
29062019,2667437,AutoPark,4432.89
30062019,2667437,AutoPark,5218.92
1072019,2667437,AutoPark,5098.49515
2072019,2667437,AutoPark,5098.49515
3072019,2667437,AutoPark,5511.52
4072019,2667437,AutoPark,5609.94
5072019,2667437,AutoPark,5030.79283
6072019,2667437,AutoPark,5845.26222
7072019,2667437,AutoPark,6846.84
8072019,2667437,AutoPark,5770.072
9072019,2667437,AutoPark,5290.208
10072019,2667437,AutoPark,5620.846
11072019,2667437,AutoPark,4783.254028
12072019,2667437,AutoPark,5701.8031
13072019,2667437,AutoPark,4928.98
14072019,2667437,AutoPark,4256
15072019,2667437,AutoPark,4979.52
16072019,2667437,AutoPark,5064.64
17072019,2667437,AutoPark,5135.13
18072019,2667437,AutoPark,4428.524275
19072019,2667437,AutoPark,4809.28
20072019,2667437,AutoPark,5554.08
21072019,2667437,AutoPark,4553.92
22072019,2667437,AutoPark,5266.8
23072019,2667437,AutoPark,4793.32
24072019,2667437,AutoPark,4928.98
25072019,2667437,AutoPark,5539.45
26072019,2667437,AutoPark,6016.92
27072019,2667437,AutoPark,5554.08
28072019,2667437,AutoPark,5462.31
29072019,2667437,AutoPark,5411.362887
30072019,2667437,AutoPark,5855.6974
31072019,2667437,AutoPark,5426.4
1082019,2667437,AutoPark,6056.82
2082019,2667437,AutoPark,4793.32
3082019,2667437,AutoPark,5266.8
4082019,2667437,AutoPark,5806.78
5082019,2667437,AutoPark,5266.8
6082019,2667437,AutoPark,5660.48
7082019,2667437,AutoPark,5314.68
8082019,2667437,AutoPark,4652.34
9082019,2667437,AutoPark,4740.12
10082019,2667437,AutoPark,5019.42
11082019,2667437,AutoPark,5019.42
12082019,2667437,AutoPark,5104.54
13082019,2667437,AutoPark,5047.35
14082019,2667437,AutoPark,4696.23
15082019,2667437,AutoPark,5144.254332
16082019,2667437,AutoPark,4970.21
17082019,2667437,AutoPark,4921
18082019,2667437,AutoPark,5075.28
19082019,2667437,AutoPark,5027.4
20082019,2667437,AutoPark,4748.1
21082019,2667437,AutoPark,4696.23
22082019,2667437,AutoPark,5410.44
23082019,2667437,AutoPark,4883.76
24082019,2667437,AutoPark,5745.6
25082019,2667437,AutoPark,5659.15
26082019,2667437,AutoPark,5452.221152
27082019,2667437,AutoPark,5855.99
28082019,2667437,AutoPark,4979.52
29082019,2667437,AutoPark,5697.72
30082019,2667437,AutoPark,4657.66
31082019,2667437,AutoPark,5362.56
1092019,2667437,AutoPark,6011.6
2092019,2667437,AutoPark,5659.15
3092019,2667437,AutoPark,4883.76
4092019,2667437,AutoPark,5498.426416
5092019,2667437,AutoPark,5554.08
6092019,2667437,AutoPark,5027.4
7092019,2667437,AutoPark,5812.1
8092019,2667437,AutoPark,6202.28476
9092019,2667437,AutoPark,5256.16
10092019,2667437,AutoPark,4921
11092019,2667437,AutoPark,5708.36
12092019,2667437,AutoPark,5205.62
13092019,2667437,AutoPark,5104.54
14092019,2667437,AutoPark,5550.09
15092019,2667437,AutoPark,5306.7
16092019,2667437,AutoPark,5861.31
17092019,2667437,AutoPark,5027.4
18092019,2667437,AutoPark,5708.36
19092019,2667437,AutoPark,5265.47
20092019,2667437,AutoPark,6011.6
21092019,2667437,AutoPark,5708.36
22092019,2667437,AutoPark,5314.68
23092019,2667437,AutoPark,5155.08
24092019,2667437,AutoPark,5054
25092019,2667437,AutoPark,5302.181724
26092019,2667437,AutoPark,5505.94198
27092019,2667437,AutoPark,5511.52
28092019,2667437,AutoPark,2383.36
29092019,2667437,AutoPark,6003.24228
30092019,2667437,AutoPark,4840.500952
1102019,2667437,AutoPark,5068.63
2102019,2667437,AutoPark,5407.78
3102019,2667437,AutoPark,5659.15
4102019,2667437,AutoPark,5306.7
5102019,2667437,AutoPark,5815.1457
6102019,2667437,AutoPark,5287.59588
7102019,2667437,AutoPark,5965.05
8102019,2667437,AutoPark,5343.6474
9102019,2667437,AutoPark,6224.4
10102019,2667437,AutoPark,5882.76024
11102019,2667437,AutoPark,5810.8897
12102019,2667437,AutoPark,4957.04566
13102019,2667437,AutoPark,4861.062752
14102019,2667437,AutoPark,5324.8944
15102019,2667437,AutoPark,5133.51006
16102019,2667437,AutoPark,2409.681498
17102019,2667437,AutoPark,2346.268827
18102019,2667437,AutoPark,2282.856156
19102019,2667437,AutoPark,2351.44
20102019,2667437,AutoPark,2532.32
21102019,2667437,AutoPark,5687.799264
22102019,2667437,AutoPark,5798.8
23102019,2667437,AutoPark,2351.44
24102019,2667437,AutoPark,2705.22
25102019,2667437,AutoPark,2610.451116
26102019,2667437,AutoPark,2848.86
27102019,2667437,AutoPark,2351.44
28102019,2667437,AutoPark,2687.590983
29102019,2667437,AutoPark,5136.521712
30102019,2667437,AutoPark,5342.61
31102019,2667437,AutoPark,6384
1112019,2667437,AutoPark,6118
2112019,2667437,AutoPark,2554.93
3112019,2667437,AutoPark,2511.04
4112019,2667437,AutoPark,2705.22
5112019,2667437,AutoPark,2394
6112019,2667437,AutoPark,3128.16
7112019,2667437,AutoPark,3165.4
8112019,2667437,AutoPark,2553.6
9112019,2667437,AutoPark,6224.4
10112019,2667437,AutoPark,5861.31
11112019,2667437,AutoPark,2468.48
12112019,2667437,AutoPark,2213.12
13112019,2667437,AutoPark,2489.76
14112019,2667437,AutoPark,2511.04
15112019,2667437,AutoPark,2872.8
16112019,2667437,AutoPark,2513.7
17112019,2667437,AutoPark,2207.401
18112019,2667437,AutoPark,2213.12
19112019,2667437,AutoPark,2319.52
20112019,2667437,AutoPark,2468.48
21112019,2667437,AutoPark,2853.124512
22112019,2667437,AutoPark,2643.506936
23112019,2667437,AutoPark,2552.27
24112019,2667437,AutoPark,2537.64
25112019,2667437,AutoPark,2729.16
26112019,2667437,AutoPark,2527
27112019,2667437,AutoPark,2521.204924
28112019,2667437,AutoPark,3289.566805
29112019,2667437,AutoPark,3044.37
30112019,2667437,AutoPark,2824.92
1122019,2667437,AutoPark,2779.7
2122019,2667437,AutoPark,2820.93
3122019,2667437,AutoPark,3323.67
4122019,2667437,AutoPark,2504.566092
5122019,2667437,AutoPark,2323.707505
6122019,2667437,AutoPark,2532.32
7122019,2667437,AutoPark,2404.64
8122019,2667437,AutoPark,2705.22
9122019,2667437,AutoPark,2577.54
10122019,2667437,AutoPark,2800.98
11122019,2667437,AutoPark,2585.52
12122019,2667437,AutoPark,2754.43
13122019,2667437,AutoPark,2754.43
14122019,2667437,AutoPark,3103.994964
15122019,2667437,AutoPark,2560.935216
16122019,2667437,AutoPark,2328.860457
17122019,2667437,AutoPark,2893.552256
18122019,2667437,AutoPark,2594.219264
19122019,2667437,AutoPark,3313.38245
20122019,2667437,AutoPark,3160.08
21122019,2667437,AutoPark,2881.633727
22122019,2667437,AutoPark,3548.44
23122019,2667437,AutoPark,2609.46
24122019,2667437,AutoPark,2403.302818
25122019,2667437,AutoPark,2191.84
26122019,2667437,AutoPark,2489.76
27122019,2667437,AutoPark,2489.76
28122019,2667437,AutoPark,2830.24
29122019,2667437,AutoPark,2779.7
30122019,2667437,AutoPark,2926
31122019,2667437,AutoPark,2960.58
1012020,2667437,AutoPark,3597.8096
2012020,2667437,AutoPark,3247.61246
3012020,2667437,AutoPark,3196.5885
4012020,2667437,AutoPark,2766.5064
5012020,2667437,AutoPark,3455.872
6012020,2667437,AutoPark,3214.344
7012020,2667437,AutoPark,3074.8536
8012020,2667437,AutoPark,3190.7232
9012020,2667437,AutoPark,3686.76
10012020,2667437,AutoPark,3653.244
11012020,2667437,AutoPark,3827.208
12012020,2667437,AutoPark,3436.7865
13012020,2667437,AutoPark,3374.909261
14012020,2667437,AutoPark,3694.075
15012020,2667437,AutoPark,2878.9313
16012020,2667437,AutoPark,2875.992
17012020,2667437,AutoPark,2818.909198
18012020,2667437,AutoPark,2895.7824
19012020,2667437,AutoPark,2870.406
20012020,2667437,AutoPark,2818.2168
21012020,2667437,AutoPark,2733.2032
22012020,2667437,AutoPark,3559.3992
23012020,2667437,AutoPark,3277.12
24012020,2667437,AutoPark,3276.12658
25012020,2667437,AutoPark,3134.3312
26012020,2667437,AutoPark,3864.9534
27012020,2667437,AutoPark,3974.2528
28012020,2667437,AutoPark,3836.567201
29012020,2667437,AutoPark,3526.4418
30012020,2667437,AutoPark,3072.3
31012020,2667437,AutoPark,3126.286695
1022020,2667437,AutoPark,2458.955705
2022020,2667437,AutoPark,6832.937244
3022020,2667437,AutoPark,5918.635128
4022020,2667437,AutoPark,3058.701282
5022020,2667437,AutoPark,2760.2288
6022020,2667437,AutoPark,2937.4912
7022020,2667437,AutoPark,2507.900668
8022020,2667437,AutoPark,2458.319598
9022020,2667437,AutoPark,2930.256
10022020,2667437,AutoPark,3024.819
11022020,2667437,AutoPark,2767.597489
12022020,2667437,AutoPark,2982.126
13022020,2667437,AutoPark,3172.217005
14022020,2667437,AutoPark,2963.0937
15022020,2667437,AutoPark,3676.6121
16022020,2667437,AutoPark,3775.689439
17022020,2667437,AutoPark,3435.7092
18022020,2667437,AutoPark,3189.34
19022020,2667437,AutoPark,3264.352
20022020,2667437,AutoPark,3044.37
21022020,2667437,AutoPark,2791.419385
22022020,2667437,AutoPark,5462.412809
23022020,2667437,AutoPark,4276.461944
24022020,2667437,AutoPark,2584.104827
25022020,2667437,AutoPark,3575.224162
26022020,2667437,AutoPark,3501.276072
27022020,2667437,AutoPark,2967.2034
28022020,2667437,AutoPark,2681.28
1032020,2667437,AutoPark,3656.037
2032020,2667437,AutoPark,3379.53
3032020,2667437,AutoPark,3692.6253
4032020,2667437,AutoPark,3234.298873
5032020,2667437,AutoPark,5440.192632
6032020,2667437,AutoPark,2899.484242
7032020,2667437,AutoPark,2187.036133
8032020,2667437,AutoPark,2811.005689
9032020,2667437,AutoPark,2425.763592
10032020,2667437,AutoPark,2627.608794
11032020,2667437,AutoPark,2539.217181
12032020,2667437,AutoPark,2932.7431
13032020,2667437,AutoPark,2675.154605
14032020,2667437,AutoPark,2858.373025
15032020,2667437,AutoPark,2538.837
16032020,2667437,AutoPark,2466.2988
17032020,2667437,AutoPark,2603.3154
18032020,2667437,AutoPark,3167.5945
19032020,2667437,AutoPark,3098.368
20032020,2667437,AutoPark,3085.6
21032020,2667437,AutoPark,6046.510239
22032020,2667437,AutoPark,3108.049283
23032020,2667437,AutoPark,2759.106801
24032020,2667437,AutoPark,3400.0785
25032020,2667437,AutoPark,2710.939
26032020,2667437,AutoPark,3506.47584
27032020,2667437,AutoPark,5639.634538
28032020,2667437,AutoPark,3330.08858
29032020,2667437,AutoPark,2539.5552
30032020,2667437,AutoPark,3123.372
31032020,2667437,AutoPark,3225.7155
1042020,2667437,AutoPark,2668.862182
2042020,2667437,AutoPark,3041.4972
3042020,2667437,AutoPark,3339.272336
4042020,2667437,AutoPark,2428.402908
5042020,2667437,AutoPark,3170.307168
6042020,2667437,AutoPark,2478.812983
7042020,2667437,AutoPark,2459.671809
8042020,2667437,AutoPark,2911.2636
9042020,2667437,AutoPark,2582.9664
10042020,2667437,AutoPark,2740.245178
11042020,2667437,AutoPark,2397.7905
12042020,2667437,AutoPark,2840.481
13042020,2667437,AutoPark,3013.4608
14042020,2667437,AutoPark,2926.86071
15042020,2667437,AutoPark,2838.3264
16042020,2667437,AutoPark,3255.84
17042020,2667437,AutoPark,2511.971
18042020,2667437,AutoPark,6755.703585
19042020,2667437,AutoPark,2481.8864
20042020,2667437,AutoPark,2645.200026
21042020,2667437,AutoPark,2323.776
22042020,2667437,AutoPark,2763.6336
23042020,2667437,AutoPark,2500.8256
24042020,2667437,AutoPark,2234.4
25042020,2667437,AutoPark,2409.3216
26042020,2667437,AutoPark,2652.153
27042020,2667437,AutoPark,2577.54
28042020,2667437,AutoPark,7344.792
29042020,2667437,AutoPark,6618.612
30042020,2667437,AutoPark,6445.3662
1052020,2667437,AutoPark,6595.897462
2052020,2667437,AutoPark,2404.385438
3052020,2667437,AutoPark,6246.744
4052020,2667437,AutoPark,2571.4752
5052020,2667437,AutoPark,2191.84
6052020,2667437,AutoPark,7090.496
7052020,2667437,AutoPark,5960.560425
8052020,2667437,AutoPark,7041.04128
9052020,2667437,AutoPark,2675.2152
10052020,2667437,AutoPark,6160.5999
11052020,2667437,AutoPark,6625.794
12052020,2667437,AutoPark,6281.6565
13052020,2667437,AutoPark,5811.6744
14052020,2667437,AutoPark,6168.4735
15052020,2667437,AutoPark,5783.1592
16052020,2667437,AutoPark,5930.2971
17052020,2667437,AutoPark,5322.0615
18052020,2667437,AutoPark,6566.1568
19052020,2667437,AutoPark,5822.5272
20052020,2667437,AutoPark,6038.5192
21052020,2667437,AutoPark,6386.2344
22052020,2667437,AutoPark,5128.9056
23052020,2667437,AutoPark,5467.231
24052020,2667437,AutoPark,5660.48
25052020,2667437,AutoPark,5839.3916
26052020,2667437,AutoPark,5619.0372
27052020,2667437,AutoPark,6383.388916
28052020,2667437,AutoPark,5969.282592
29052020,2667437,AutoPark,5205.62
30052020,2667437,AutoPark,6031.368322
31052020,2667437,AutoPark,5496.0388
1062020,2667437,AutoPark,4883.76
2062020,2667437,AutoPark,5175.429
3062020,2667437,AutoPark,5633.5608
4062020,2667437,AutoPark,5785.8192
5062020,2667437,AutoPark,5636.4336
6062020,2667437,AutoPark,6222.4848
7062020,2667437,AutoPark,5634.754448
8062020,2667437,AutoPark,5730.587226
9062020,2667437,AutoPark,5761.56
10062020,2667437,AutoPark,6214.965379
11062020,2667437,AutoPark,5952.4416
12062020,2667437,AutoPark,5766.9066
13062020,2667437,AutoPark,5167.05
14062020,2667437,AutoPark,5678.169
15062020,2667437,AutoPark,6005.5884
16062020,2667437,AutoPark,5496.0388
17062020,2667437,AutoPark,6403.152
18062020,2667437,AutoPark,5597.2917
19062020,2667437,AutoPark,5356.3356
20062020,2667437,AutoPark,5156.350368
21062020,2667437,AutoPark,5410.875841
22062020,2667437,AutoPark,5762.8368
23062020,2667437,AutoPark,6084.351
24062020,2667437,AutoPark,4974.2
25062020,2667437,AutoPark,5770.0188
26062020,2667437,AutoPark,5936.038847
27062020,2667437,AutoPark,5438.172734
28062020,2667437,AutoPark,5616.3373
29062020,2667437,AutoPark,4876.179
30062020,2667437,AutoPark,5375.4876
1072020,2667437,AutoPark,5302.434956
2072020,2667437,AutoPark,5761.29952
3072020,2667437,AutoPark,6228.0176
4072020,2667437,AutoPark,6114.8346
5072020,2667437,AutoPark,5382.948328
6072020,2667437,AutoPark,6137.525331
7072020,2667437,AutoPark,8147.7396
8072020,2667437,AutoPark,6289.37848
9072020,2667437,AutoPark,6136.64128
10072020,2667437,AutoPark,6295.34752
11072020,2667437,AutoPark,5261.579431
12072020,2667437,AutoPark,6043.911286
13072020,2667437,AutoPark,5076.8494
14072020,2667437,AutoPark,4298.56
15072020,2667437,AutoPark,5278.2912
16072020,2667437,AutoPark,6026.9216
17072020,2667437,AutoPark,6059.4534
18072020,2667437,AutoPark,4472.809518
19072020,2667437,AutoPark,5434.4864
20072020,2667437,AutoPark,6553.8144
21072020,2667437,AutoPark,4644.9984
22072020,2667437,AutoPark,6109.488
23072020,2667437,AutoPark,5416.4516
24072020,2667437,AutoPark,5914.776
25072020,2667437,AutoPark,5816.4225
26072020,2667437,AutoPark,6859.2888
27072020,2667437,AutoPark,6276.1104
28072020,2667437,AutoPark,5790.0486
29072020,2667437,AutoPark,5736.04466
30072020,2667437,AutoPark,6382.710166
31072020,2667437,AutoPark,6240.36
1082020,2667437,AutoPark,6359.661
2082020,2667437,AutoPark,5560.2512
3082020,2667437,AutoPark,6320.16
4082020,2667437,AutoPark,6097.119
5082020,2667437,AutoPark,5635.476
6082020,2667437,AutoPark,5943.504
7082020,2667437,AutoPark,6165.0288
8082020,2667437,AutoPark,5443.2378
9082020,2667437,AutoPark,5308.9344
10082020,2667437,AutoPark,5973.1098
11082020,2667437,AutoPark,5671.9446
12082020,2667437,AutoPark,5921.2664
13082020,2667437,AutoPark,5148.297
14082020,2667437,AutoPark,4978.0038
15082020,2667437,AutoPark,5298.581962
16082020,2667437,AutoPark,5864.8478
17082020,2667437,AutoPark,5609.94
18082020,2667437,AutoPark,5075.28
19082020,2667437,AutoPark,5479.866
20082020,2667437,AutoPark,5507.796
21082020,2667437,AutoPark,5447.6268
22082020,2667437,AutoPark,5626.8576
23082020,2667437,AutoPark,5323.2984
24082020,2667437,AutoPark,6435.072
25082020,2667437,AutoPark,6394.8395
26082020,2667437,AutoPark,6542.665382
27082020,2667437,AutoPark,6148.7895
28082020,2667437,AutoPark,5079.1104
29082020,2667437,AutoPark,6438.4236
30082020,2667437,AutoPark,5589.192
31082020,2667437,AutoPark,5416.1856
1092020,2667437,AutoPark,6672.876
2092020,2667437,AutoPark,5828.9245
3092020,2667437,AutoPark,5567.4864
4092020,2667437,AutoPark,6543.127435
5092020,2667437,AutoPark,6442.7328
6092020,2667437,AutoPark,5077.674
7092020,2667437,AutoPark,6218.947
8092020,2667437,AutoPark,6326.330455
9092020,2667437,AutoPark,6202.2688
10092020,2667437,AutoPark,5757.57
11092020,2667437,AutoPark,6279.196
12092020,2667437,AutoPark,5413.8448
13092020,2667437,AutoPark,5155.5854
14092020,2667437,AutoPark,5550.09
15092020,2667437,AutoPark,6368.04
16092020,2667437,AutoPark,6212.9886
17092020,2667437,AutoPark,5228.496
18092020,2667437,AutoPark,6222.1124
19092020,2667437,AutoPark,6002.6358
20092020,2667437,AutoPark,6191.948
21092020,2667437,AutoPark,6678.7812
22092020,2667437,AutoPark,5686.7076
23092020,2667437,AutoPark,6082.9944
24092020,2667437,AutoPark,5761.56
25092020,2667437,AutoPark,6362.618069
26092020,2667437,AutoPark,6497.011536
27092020,2667437,AutoPark,5787.096
28092020,2667437,AutoPark,2788.5312
29092020,2667437,AutoPark,6123.307126
30092020,2667437,AutoPark,5421.361066
1102020,2667437,AutoPark,5119.3163
2102020,2667437,AutoPark,5515.9356
3102020,2667437,AutoPark,6451.431
4102020,2667437,AutoPark,5465.901
5102020,2667437,AutoPark,6222.205899
6102020,2667437,AutoPark,5869.231427
7102020,2667437,AutoPark,7098.4095
8102020,2667437,AutoPark,5557.393296
9102020,2667437,AutoPark,6722.352
10102020,2667437,AutoPark,6235.725854
11102020,2667437,AutoPark,6450.087567
12102020,2667437,AutoPark,5651.032052
13102020,2667437,AutoPark,5590.222165
14102020,2667437,AutoPark,6283.375392
15102020,2667437,AutoPark,6160.212072
16102020,2667437,AutoPark,2409.681498
17102020,2667437,AutoPark,2510.507645
18102020,2667437,AutoPark,2511.141772
19102020,2667437,AutoPark,2633.6128
20102020,2667437,AutoPark,2810.8752
21102020,2667437,AutoPark,5972.189227
22102020,2667437,AutoPark,6378.68
23102020,2667437,AutoPark,2421.9832
24102020,2667437,AutoPark,3111.003
25102020,2667437,AutoPark,2871.496228
26102020,2667437,AutoPark,3190.7232
27102020,2667437,AutoPark,2539.5552
28102020,2667437,AutoPark,2714.466893
29102020,2667437,AutoPark,5958.365186
30102020,2667437,AutoPark,6144.0015
31102020,2667437,AutoPark,7469.28
1112020,2667437,AutoPark,6852.16
2112020,2667437,AutoPark,2784.8737
3112020,2667437,AutoPark,2762.144
4112020,2667437,AutoPark,3165.1074
5112020,2667437,AutoPark,2417.94
6112020,2667437,AutoPark,3566.1024
7112020,2667437,AutoPark,3640.21
8112020,2667437,AutoPark,2885.568
9112020,2667437,AutoPark,7407.036
10112020,2667437,AutoPark,5978.5362
11112020,2667437,AutoPark,2740.0128
12112020,2667437,AutoPark,2434.432
13112020,2667437,AutoPark,2962.8144
14112020,2667437,AutoPark,2737.0336
15112020,2667437,AutoPark,3188.808
16112020,2667437,AutoPark,2714.796
17112020,2667437,AutoPark,2406.06709
18112020,2667437,AutoPark,2589.3504
19112020,2667437,AutoPark,2435.496
20112020,2667437,AutoPark,2665.9584
21112020,2667437,AutoPark,3281.093189
22112020,2667437,AutoPark,2696.377075
23112020,2667437,AutoPark,2577.7927
24112020,2667437,AutoPark,3019.7916
25112020,2667437,AutoPark,3056.6592
26112020,2667437,AutoPark,2678.62
27112020,2667437,AutoPark,2823.749515
28112020,2667437,AutoPark,3388.253809
29112020,2667437,AutoPark,3501.0255
30112020,2667437,AutoPark,3050.9136
1122020,2667437,AutoPark,2918.685
2122020,2667437,AutoPark,2933.7672
3122020,2667437,AutoPark,3622.8003
4122020,2667437,AutoPark,2629.794397
5122020,2667437,AutoPark,2463.129955
6122020,2667437,AutoPark,2684.2592
7122020,2667437,AutoPark,2741.2896
8122020,2667437,AutoPark,3029.8464
9122020,2667437,AutoPark,2603.3154
10122020,2667437,AutoPark,2997.0486
11122020,2667437,AutoPark,2921.6376
12122020,2667437,AutoPark,3167.5945
13122020,2667437,AutoPark,3167.5945
14122020,2667437,AutoPark,3383.354511
15122020,2667437,AutoPark,2714.591329
16122020,2667437,AutoPark,2585.035107